{"accuracy": [0.6361767649650574, 0.8196300268173218, 0.8309352397918701, 0.865878701210022, 0.8823227286338806, 0.893627941608429, 0.9018499255180359, 0.913155198097229, 0.9388489127159119, 0.9182939529418945, 0.9337101578712463, 0.9450154304504395, 0.9342240691184998, 0.9265159368515015, 0.9337101578712463, 0.9331963062286377, 0.9475848078727722, 0.9547790288925171, 0.9295991659164429, 0.961973249912262], "loss": [1.0503522157669067, 0.5659307241439819, 0.5010047554969788, 0.39265814423561096, 0.3665238320827484, 0.3004991412162781, 0.30144476890563965, 0.2634609639644623, 0.18857088685035706, 0.25961801409721375, 0.21962317824363708, 0.17597395181655884, 0.19099454581737518, 0.24318723380565643, 0.21024559438228607, 0.2080029547214508, 0.16329212486743927, 0.13741673529148102, 0.21091458201408386, 0.11876872181892395], "val_accuracy": [0.5578093528747559, 0.7951318621635437, 0.8255578279495239, 0.8215010166168213, 0.8073022365570068, 0.7383367419242859, 0.7829614877700806, 0.8681541681289673, 0.8397566080093384, 0.866125762462616, 0.8945233225822449, 0.8580121994018555, 0.8559837937355042, 0.8701825737953186, 0.8255578279495239, 0.8539553880691528, 0.9330628514289856, 0.7809330821037292, 0.8884381055831909, 0.8904665112495422], "val_loss": [1.8696600198745728, 0.6683240532875061, 0.6284696459770203, 0.5787162780761719, 0.7622297406196594, 1.0921909809112549, 0.9352930784225464, 0.4049636423587799, 0.5372123122215271, 0.46546030044555664, 0.40141892433166504, 0.5282653570175171, 0.58992999792099, 0.46006953716278076, 0.571744978427887, 0.5016371607780457, 0.24334542453289032, 1.1221531629562378, 0.4510326087474823, 0.47714290022850037]}