{"accuracy": [0.26592081785202026, 0.27495697140693665, 0.27624785900115967, 0.2775387167930603, 0.2650602459907532, 0.2706540524959564, 0.27710843086242676, 0.27495697140693665, 0.2818416655063629, 0.2766781449317932, 0.27925989031791687, 0.2805507779121399, 0.27624785900115967, 0.2835628092288971, 0.2900172173976898, 0.27925989031791687, 0.2835628092288971, 0.2805507779121399, 0.29044750332832336, 0.28098106384277344, 0.27194491028785706, 0.27280551195144653, 0.26678141951560974, 0.2878657579421997, 0.27796903252601624, 0.2925989627838135, 0.29862305521965027, 0.27710843086242676, 0.27280551195144653, 0.2796901762485504, 0.27925989031791687, 0.29345956444740295, 0.27796903252601624, 0.29518070816993713, 0.29733219742774963, 0.2766781449317932, 0.2908777892589569, 0.27710843086242676, 0.28829604387283325, 0.2969018816947937], "loss": [1.883554220199585, 1.8817435503005981, 1.889520287513733, 1.8627246618270874, 1.8826868534088135, 1.8691645860671997, 1.8567558526992798, 1.8760148286819458, 1.8667408227920532, 1.8688515424728394, 1.86599600315094, 1.8461508750915527, 1.8741906881332397, 1.8684897422790527, 1.8536330461502075, 1.8771861791610718, 1.8717186450958252, 1.8581140041351318, 1.844238519668579, 1.8654824495315552, 1.8569495677947998, 1.8554461002349854, 1.8509334325790405, 1.8538402318954468, 1.8525041341781616, 1.8523772954940796, 1.8383259773254395, 1.8627792596817017, 1.8679606914520264, 1.861235499382019, 1.8540692329406738, 1.8393747806549072, 1.8575090169906616, 1.8281536102294922, 1.8265019655227661, 1.846840262413025, 1.827757477760315, 1.8444393873214722, 1.8338369131088257, 1.8477323055267334], "val_accuracy": [0.3185185194015503, 0.31555554270744324, 0.29777777194976807, 0.29185184836387634, 0.31111112236976624, 0.32148149609565735, 0.3185185194015503, 0.3096296191215515, 0.3422222137451172, 0.31259259581565857, 0.32592591643333435, 0.3140740692615509, 0.3007407486438751, 0.30666667222976685, 0.32592591643333435, 0.31111112236976624, 0.3007407486438751, 0.3288888931274414, 0.34518519043922424, 0.3422222137451172, 0.32592591643333435, 0.33629629015922546, 0.34518519043922424, 0.34518519043922424, 0.3081481456756592, 0.35407406091690063, 0.32592591643333435, 0.3037036955356598, 0.34074074029922485, 0.3318518400192261, 0.33037036657333374, 0.3274074196815491, 0.33481481671333313, 0.33629629015922546, 0.34074074029922485, 0.324444442987442, 0.32148149609565735, 0.3185185194015503, 0.35407406091690063, 0.3570370376110077], "val_loss": [1.7709718942642212, 1.773400068283081, 1.8197293281555176, 1.778017520904541, 1.7770941257476807, 1.7753541469573975, 1.7426882982254028, 1.7998032569885254, 1.7289742231369019, 1.7598122358322144, 1.7651796340942383, 1.763655185699463, 1.764670729637146, 1.7818390130996704, 1.7608942985534668, 1.75828218460083, 1.8216105699539185, 1.7446107864379883, 1.7253532409667969, 1.745519757270813, 1.7598369121551514, 1.7424585819244385, 1.7190001010894775, 1.7438020706176758, 1.7755756378173828, 1.7185391187667847, 1.7769534587860107, 1.7759116888046265, 1.7053316831588745, 1.739486575126648, 1.7460172176361084, 1.7584103345870972, 1.7436031103134155, 1.7243515253067017, 1.7545466423034668, 1.7706025838851929, 1.7471227645874023, 1.7637908458709717, 1.7175488471984863, 1.7155879735946655]}