{"accuracy": [0.6392599940299988, 0.7903391718864441, 0.8473792672157288, 0.8627954721450806, 0.8864337205886841, 0.8895169496536255, 0.8972250819206238, 0.9121274352073669, 0.9080164432525635, 0.9275436997413635, 0.9342240691184998, 0.9403905272483826, 0.935251772403717, 0.9306269288063049, 0.9465570449829102, 0.9393628239631653, 0.9552928805351257, 0.9403905272483826, 0.9424460530281067, 0.9475848078727722, 0.961973249912262, 0.9424460530281067, 0.9424460530281067, 0.940904438495636, 0.9522096514701843, 0.9588900208473206, 0.9681397676467896, 0.9588900208473206, 0.9681397676467896, 0.9676259160041809, 0.9604316353797913, 0.9588900208473206, 0.9460431933403015, 0.9609455466270447, 0.9650565385818481, 0.9583761692047119, 0.9522096514701843, 0.9727646708488464, 0.9763617515563965, 0.9676259160041809], "loss": [1.0387951135635376, 0.6358921527862549, 0.43797025084495544, 0.42023563385009766, 0.3436080813407898, 0.3316640555858612, 0.310867577791214, 0.2652166187763214, 0.2887985110282898, 0.21324719488620758, 0.19868974387645721, 0.18686343729496002, 0.20316492021083832, 0.2201792597770691, 0.1803177297115326, 0.18865996599197388, 0.14211256802082062, 0.1802036315202713, 0.1834937334060669, 0.15639936923980713, 0.11644098162651062, 0.15433789789676666, 0.16020916402339935, 0.17265735566616058, 0.16275712847709656, 0.1270783245563507, 0.09626460820436478, 0.13684576749801636, 0.10379612445831299, 0.10232898592948914, 0.11573800444602966, 0.12197467684745789, 0.16727988421916962, 0.1129542663693428, 0.10678552836179733, 0.13578051328659058, 0.1540570855140686, 0.08536762744188309, 0.07036712765693665, 0.09923802316188812], "val_accuracy": [0.6308316588401794, 0.6227180361747742, 0.7647058963775635, 0.6064908504486084, 0.7768762707710266, 0.8904665112495422, 0.8377282023429871, 0.7910750508308411, 0.8316429853439331, 0.8356997966766357, 0.8722109794616699, 0.8803245425224304, 0.7484787106513977, 0.8742393255233765, 0.8519269824028015, 0.8924949169158936, 0.9229208827018738, 0.860040545463562, 0.8498985767364502, 0.906693696975708, 0.912778913974762, 0.8924949169158936, 0.8417850136756897, 0.8397566080093384, 0.7991886138916016, 0.931034505367279, 0.9107505083084106, 0.9269776940345764, 0.8640973567962646, 0.9148073196411133, 0.931034505367279, 0.8498985767364502, 0.9188640713691711, 0.8478701710700989, 0.8803245425224304, 0.8742393255233765, 0.9249492883682251, 0.9269776940345764, 0.9148073196411133, 0.9411764740943909], "val_loss": [2.1536293029785156, 1.0765193700790405, 0.864949107170105, 2.0022833347320557, 0.9236282706260681, 0.3352479338645935, 0.6204612255096436, 0.8365415930747986, 0.6155604124069214, 0.6212484240531921, 0.5617424845695496, 0.4392353296279907, 1.090956211090088, 0.3756522536277771, 0.5935885310173035, 0.4079984724521637, 0.2208641618490219, 0.5322402715682983, 0.6766066551208496, 0.3847123086452484, 0.3415488302707672, 0.5000139474868774, 0.6975225806236267, 0.7184733748435974, 0.9676674604415894, 0.3119860887527466, 0.2670409381389618, 0.24736979603767395, 0.6390103101730347, 0.32008254528045654, 0.24687089025974274, 0.6920417547225952, 0.31023383140563965, 0.657863974571228, 0.667094349861145, 0.7186904549598694, 0.24356527626514435, 0.26389211416244507, 0.3909640312194824, 0.24132686853408813]}