{"accuracy": [0.7065775990486145, 0.854059636592865, 0.8812949657440186, 0.9126412868499756, 0.9244604110717773, 0.9265159368515015, 0.9424460530281067, 0.9373072981834412, 0.9506680369377136, 0.9568345546722412, 0.9362795352935791, 0.9563206434249878, 0.9717369079589844, 0.9640287756919861, 0.9578622579574585, 0.961973249912262, 0.9655703902244568, 0.9614593982696533, 0.9552928805351257, 0.9676259160041809], "loss": [0.8699691891670227, 0.43393462896347046, 0.3420279026031494, 0.28734415769577026, 0.23785927891731262, 0.2307802140712738, 0.18631844222545624, 0.18226152658462524, 0.15223054587841034, 0.13605515658855438, 0.17508694529533386, 0.15298360586166382, 0.09725608676671982, 0.11422805488109589, 0.1334318071603775, 0.12186717242002487, 0.10054590553045273, 0.1259516179561615, 0.11624366044998169, 0.10498187690973282], "val_accuracy": [0.11561866104602814, 0.0933062881231308, 0.09939148277044296, 0.14401622116565704, 0.40567952394485474, 0.16430020332336426, 0.8722109794616699, 0.9472616910934448, 0.8742393255233765, 0.8620689511299133, 0.8498985767364502, 0.8965517282485962, 0.9290060997009277, 0.9269776940345764, 0.8681541681289673, 0.9188640713691711, 0.8620689511299133, 0.9026369452476501, 0.9107505083084106, 0.8823529481887817], "val_loss": [2.4015324115753174, 2.660095691680908, 3.9017457962036133, 2.9977452754974365, 2.732011318206787, 2.8141472339630127, 0.42260855436325073, 0.2008698284626007, 0.43685802817344666, 0.513698935508728, 0.5887536406517029, 0.3874288499355316, 0.2828948199748993, 0.2416509985923767, 0.75046306848526, 0.23824797570705414, 0.4452965557575226, 0.3252321481704712, 0.31453874707221985, 0.41233310103416443]}