{"accuracy": [0.10240963846445084, 0.09036144614219666, 0.09638553857803345, 0.09681583195924759, 0.09509466588497162, 0.0989672988653183, 0.09681583195924759, 0.09681583195924759, 0.09939759224653244, 0.09208261966705322, 0.1019793450832367, 0.09767641872167587, 0.09939759224653244, 0.09853700548410416, 0.09552495926618576, 0.09294319897890091, 0.10370051860809326, 0.1019793450832367, 0.1019793450832367, 0.1019793450832367, 0.09036144614219666, 0.09681583195924759, 0.09552495926618576, 0.1019793450832367, 0.09810671210289001, 0.09681583195924759, 0.09208261966705322, 0.09638553857803345, 0.0989672988653183, 0.09165232628583908, 0.10111875832080841, 0.09466437250375748, 0.09767641872167587, 0.09466437250375748, 0.09294319897890091, 0.0959552526473999, 0.1019793450832367, 0.09509466588497162, 0.1019793450832367, 0.09681583195924759], "loss": [2.311694383621216, 2.306155204772949, 2.3031389713287354, 2.30342698097229, 2.303067922592163, 2.3033344745635986, 2.3029940128326416, 2.3027753829956055, 2.30342173576355, 2.303002119064331, 2.302804708480835, 2.30277419090271, 2.303337812423706, 2.3027937412261963, 2.3028249740600586, 2.3028953075408936, 2.3029887676239014, 2.3028151988983154, 2.3028252124786377, 2.30277681350708, 2.302812337875366, 2.3027713298797607, 2.302783489227295, 2.3027751445770264, 2.3028008937835693, 2.3027753829956055, 2.302797317504883, 2.3027539253234863, 2.3027539253234863, 2.3028008937835693, 2.302809715270996, 2.3028030395507812, 2.3027634620666504, 2.302764892578125, 2.302867889404297, 2.30275821685791, 2.302717685699463, 2.30281138420105, 2.3027944564819336, 2.3027522563934326], "val_accuracy": [0.10222221910953522, 0.10074073821306229, 0.1066666692495346, 0.1066666692495346, 0.10222221910953522, 0.10222221910953522, 0.10222221910953522, 0.10222221910953522, 0.10074073821306229, 0.10222221910953522, 0.10222221910953522, 0.1066666692495346, 0.10222221910953522, 0.10222221910953522, 0.10222221910953522, 0.1066666692495346, 0.10222221910953522, 0.10222221910953522, 0.10222221910953522, 0.10222221910953522, 0.1066666692495346, 0.10222221910953522, 0.10222221910953522, 0.10222221910953522, 0.1066666692495346, 0.1066666692495346, 0.10222221910953522, 0.1066666692495346, 0.1066666692495346, 0.1066666692495346, 0.10222221910953522, 0.10222221910953522, 0.1066666692495346, 0.10222221910953522, 0.10222221910953522, 0.10222221910953522, 0.10222221910953522, 0.10222221910953522, 0.10222221910953522, 0.10222221910953522], "val_loss": [2.303568124771118, 2.3025221824645996, 2.3024702072143555, 2.302410840988159, 2.3024232387542725, 2.302417039871216, 2.302401542663574, 2.302377462387085, 2.304438591003418, 2.3023762702941895, 2.302316188812256, 2.3022994995117188, 2.3023085594177246, 2.302313804626465, 2.3023123741149902, 2.3022403717041016, 2.302342176437378, 2.3023476600646973, 2.302351236343384, 2.3023416996002197, 2.302273750305176, 2.3023149967193604, 2.302286148071289, 2.302288293838501, 2.3022713661193848, 2.302288770675659, 2.3023123741149902, 2.3023123741149902, 2.302309989929199, 2.302297353744507, 2.3023130893707275, 2.3022899627685547, 2.3022916316986084, 2.3023457527160645, 2.3023180961608887, 2.302320718765259, 2.3023364543914795, 2.302337169647217, 2.3023364543914795, 2.3023297786712646]}