{"accuracy": [0.7194244861602783, 0.8663926124572754, 0.8725590705871582, 0.9049332141876221, 0.9213771820068359, 0.9311407804489136, 0.9470708966255188, 0.9331963062286377, 0.944501519203186, 0.9486125111579895, 0.9583761692047119, 0.9563206434249878, 0.9496402740478516, 0.9599177837371826, 0.963001012802124, 0.9676259160041809, 0.9578622579574585, 0.9624871611595154, 0.9676259160041809, 0.950154185295105, 0.9645426273345947, 0.9681397676467896, 0.963001012802124, 0.9552928805351257, 0.9635149240493774, 0.9635149240493774, 0.972250759601593, 0.9665981531143188, 0.9732785224914551, 0.971222996711731, 0.9840698838233948, 0.972250759601593, 0.9856114983558655, 0.981500506401062, 0.9753340482711792, 0.9753340482711792, 0.9820144176483154, 0.9717369079589844, 0.9768756628036499, 0.9737923741340637], "loss": [0.8476603031158447, 0.39260560274124146, 0.36223509907722473, 0.2793971598148346, 0.21633167564868927, 0.2118593454360962, 0.16898812353610992, 0.16916456818580627, 0.19459524750709534, 0.1687811315059662, 0.12280309945344925, 0.13376674056053162, 0.15227776765823364, 0.13013485074043274, 0.10645335167646408, 0.09515263885259628, 0.11379789561033249, 0.10101301223039627, 0.09912055730819702, 0.13337261974811554, 0.10342695564031601, 0.092717245221138, 0.10976352542638779, 0.11849018931388855, 0.11005038768053055, 0.10933000594377518, 0.07732567191123962, 0.11542890965938568, 0.0908292680978775, 0.08958538621664047, 0.05258265510201454, 0.07817821949720383, 0.04852890968322754, 0.06310778856277466, 0.06607703119516373, 0.07150265574455261, 0.05620140954852104, 0.09039347618818283, 0.0778789073228836, 0.09187866747379303], "val_accuracy": [0.10141988098621368, 0.09939148277044296, 0.020283976569771767, 0.16024340689182281, 0.5131846070289612, 0.7221095561981201, 0.8884381055831909, 0.9229208827018738, 0.7768762707710266, 0.9208924770355225, 0.9006085395812988, 0.906693696975708, 0.8965517282485962, 0.8316429853439331, 0.8458417654037476, 0.8945233225822449, 0.9411764740943909, 0.912778913974762, 0.8924949169158936, 0.8904665112495422, 0.8864097595214844, 0.8519269824028015, 0.8580121994018555, 0.9087221026420593, 0.9249492883682251, 0.8864097595214844, 0.912778913974762, 0.8904665112495422, 0.8884381055831909, 0.9411764740943909, 0.8924949169158936, 0.9432048797607422, 0.9492900371551514, 0.9148073196411133, 0.9330628514289856, 0.8904665112495422, 0.9411764740943909, 0.906693696975708, 0.8417850136756897, 0.8904665112495422], "val_loss": [2.3978683948516846, 2.656940221786499, 2.586977005004883, 4.354280948638916, 1.6056283712387085, 0.9096471071243286, 0.355022668838501, 0.3081696629524231, 0.7877248525619507, 0.3657431900501251, 0.3503715693950653, 0.352566123008728, 0.4105580151081085, 0.658524751663208, 0.5128794312477112, 0.3693629801273346, 0.22636789083480835, 0.2995867133140564, 0.5093445777893066, 0.39251285791397095, 0.4832131862640381, 0.6448966264724731, 0.6446628570556641, 0.31124842166900635, 0.34422552585601807, 0.3994133770465851, 0.3466234803199768, 0.4266018569469452, 0.4557024836540222, 0.2637910544872284, 0.5406912565231323, 0.22362014651298523, 0.23743607103824615, 0.34431755542755127, 0.27987241744995117, 0.43757811188697815, 0.2931486964225769, 0.3667502701282501, 0.8367952704429626, 0.47538334131240845]}