{"accuracy": [0.1019793450832367, 0.11962134391069412, 0.1785714328289032, 0.19406196475028992, 0.18846815824508667, 0.19965577125549316, 0.20352840423583984, 0.2000860571861267, 0.21815834939479828, 0.2327882945537567, 0.22289156913757324, 0.22375215590000153, 0.24010327458381653, 0.2551635205745697, 0.2469879537820816, 0.2469879537820816, 0.25172117352485657, 0.23709122836589813, 0.24311532080173492, 0.2543029189109802, 0.24827882647514343, 0.24827882647514343, 0.25258174538612366, 0.2594664394855499, 0.2573149800300598, 0.2590361535549164, 0.251290887594223, 0.26075732707977295, 0.2611876130104065, 0.2650602459907532, 0.25774526596069336, 0.26376935839653015, 0.26893287897109985, 0.2573149800300598, 0.2633390724658966, 0.2663511335849762, 0.2672117054462433, 0.27495697140693665, 0.28227195143699646, 0.26678141951560974], "loss": [2.3944458961486816, 2.2571427822113037, 2.1510961055755615, 2.104034423828125, 2.0691511631011963, 2.0605263710021973, 2.037992238998413, 2.024833917617798, 2.0142524242401123, 1.9965778589248657, 1.9972140789031982, 1.9858406782150269, 1.9836241006851196, 1.9542070627212524, 1.9499012231826782, 1.9498984813690186, 1.9436076879501343, 1.9495370388031006, 1.9389896392822266, 1.923239827156067, 1.9272633790969849, 1.9301272630691528, 1.9195798635482788, 1.9156932830810547, 1.9234299659729004, 1.9072370529174805, 1.9149161577224731, 1.909902811050415, 1.9043831825256348, 1.905515432357788, 1.9012404680252075, 1.8942841291427612, 1.9009590148925781, 1.908408761024475, 1.9089840650558472, 1.8795249462127686, 1.872873067855835, 1.8799246549606323, 1.8811671733856201, 1.9095958471298218], "val_accuracy": [0.16148148477077484, 0.16296295821666718, 0.22074073553085327, 0.2029629647731781, 0.22370369732379913, 0.2266666740179062, 0.23555555939674377, 0.24740740656852722, 0.23555555939674377, 0.22962963581085205, 0.25925925374031067, 0.2755555510520935, 0.2800000011920929, 0.2800000011920929, 0.29629629850387573, 0.28296294808387756, 0.27851852774620056, 0.3037036955356598, 0.2948148250579834, 0.2859259247779846, 0.2844444513320923, 0.27407407760620117, 0.25925925374031067, 0.29629629850387573, 0.290370374917984, 0.29777777194976807, 0.3051851987838745, 0.28148147463798523, 0.27407407760620117, 0.30222222208976746, 0.3185185194015503, 0.28296294808387756, 0.2948148250579834, 0.3081481456756592, 0.3140740692615509, 0.3377777636051178, 0.30666667222976685, 0.2948148250579834, 0.3333333432674408, 0.3185185194015503], "val_loss": [2.282191514968872, 2.1287789344787598, 2.0545990467071533, 2.0526182651519775, 1.985039234161377, 1.97518789768219, 1.9564820528030396, 1.9398913383483887, 1.971676230430603, 1.9623812437057495, 1.9265872240066528, 1.8891937732696533, 1.8886102437973022, 1.870992660522461, 1.8533810377120972, 1.8417901992797852, 1.8524162769317627, 1.8389805555343628, 1.825339436531067, 1.8229312896728516, 1.8437860012054443, 1.842759132385254, 1.8842755556106567, 1.808060646057129, 1.8476604223251343, 1.8112576007843018, 1.8163892030715942, 1.873177409172058, 1.89669668674469, 1.818304181098938, 1.7837843894958496, 1.8132771253585815, 1.7847936153411865, 1.80320405960083, 1.7819424867630005, 1.761362075805664, 1.8039491176605225, 1.830018401145935, 1.7466106414794922, 1.7755861282348633]}