{"accuracy": [0.37050360441207886, 0.5236382484436035, 0.5755395889282227, 0.633093535900116, 0.655190110206604, 0.7147995829582214, 0.7317574620246887, 0.7667009234428406, 0.7610483169555664, 0.7980473041534424, 0.8016443848609924, 0.8319630026817322, 0.8257964849472046, 0.8309352397918701, 0.8319630026817322, 0.8602260947227478, 0.8427543640136719, 0.8422405123710632, 0.8633093237876892, 0.8746145963668823], "loss": [1.7583143711090088, 1.3107218742370605, 1.1383575201034546, 1.0004137754440308, 0.9453369975090027, 0.789976179599762, 0.7656015157699585, 0.659648060798645, 0.652959406375885, 0.5664095878601074, 0.5703068971633911, 0.4858972132205963, 0.4873228073120117, 0.49363967776298523, 0.4882836937904358, 0.41377440094947815, 0.4483138918876648, 0.4674612581729889, 0.393955260515213, 0.3560909032821655], "val_accuracy": [0.09939148277044296, 0.09939148277044296, 0.0933062881231308, 0.09736308455467224, 0.09736308455467224, 0.1217038556933403, 0.13793103396892548, 0.23123732209205627, 0.679513156414032, 0.296146035194397, 0.610547661781311, 0.5030425786972046, 0.7281947135925293, 0.7403650879859924, 0.49898579716682434, 0.6186612844467163, 0.48884379863739014, 0.679513156414032, 0.7545638680458069, 0.6024340987205505], "val_loss": [22.065765380859375, 5.40601110458374, 5.128536701202393, 2.8580620288848877, 3.1286327838897705, 4.500161647796631, 6.561398506164551, 2.9541897773742676, 1.0684252977371216, 2.820023536682129, 1.1994128227233887, 1.4224534034729004, 1.157643437385559, 1.1476986408233643, 2.1543710231781006, 3.1629180908203125, 4.4991984367370605, 1.2087767124176025, 1.1402665376663208, 2.575417995452881]}