{"accuracy": [0.40596094727516174, 0.5354573726654053, 0.5863309502601624, 0.6495375037193298, 0.6952723264694214, 0.7194244861602783, 0.7410072088241577, 0.752312421798706, 0.7898252606391907, 0.779033899307251, 0.7903391718864441, 0.816032886505127, 0.8345323801040649, 0.8376156091690063, 0.8489208817481995, 0.8489208817481995, 0.865878701210022, 0.8663926124572754, 0.8715313673019409, 0.8874614834785461, 0.8797533512115479, 0.8730729818344116, 0.8920863270759583, 0.8915724754333496, 0.8956834673881531, 0.9085302948951721, 0.8982528448104858, 0.9085302948951721, 0.8982528448104858, 0.9064748287200928, 0.9188078045845032, 0.9141829609870911, 0.9146968126296997, 0.9260020852088928, 0.9378211498260498, 0.9367934465408325, 0.9285714030265808, 0.932682454586029, 0.9198355674743652, 0.9177800416946411], "loss": [1.7464277744293213, 1.266905426979065, 1.1088523864746094, 0.967650830745697, 0.8284904360771179, 0.7715408802032471, 0.7523083686828613, 0.7426618337631226, 0.5962713360786438, 0.6201199293136597, 0.5805516839027405, 0.5306996703147888, 0.47501569986343384, 0.4739295542240143, 0.4418340027332306, 0.4442562460899353, 0.40152817964553833, 0.3929689824581146, 0.35007330775260925, 0.3244762122631073, 0.35420843958854675, 0.35965439677238464, 0.3307700753211975, 0.340738445520401, 0.3096937835216522, 0.27725157141685486, 0.30118146538734436, 0.27798566222190857, 0.30550524592399597, 0.27337270975112915, 0.24367262423038483, 0.25306302309036255, 0.26803940534591675, 0.22174586355686188, 0.18744200468063354, 0.21089357137680054, 0.22623130679130554, 0.19993320107460022, 0.2312261313199997, 0.2290913611650467], "val_accuracy": [0.10141988098621368, 0.09939148277044296, 0.09736308455467224, 0.08722109347581863, 0.06288032233715057, 0.042596347630023956, 0.25760647654533386, 0.3448275923728943, 0.5801216959953308, 0.616632878780365, 0.32454362511634827, 0.5618661046028137, 0.7281947135925293, 0.772819459438324, 0.4482758641242981, 0.6125760674476624, 0.6916835904121399, 0.679513156414032, 0.8275862336158752, 0.5821501016616821, 0.8235294222831726, 0.7119675278663635, 0.8093306422233582, 0.7363083362579346, 0.7119675278663635, 0.6937119960784912, 0.47261664271354675, 0.6876267790794373, 0.5273833870887756, 0.7626774907112122, 0.772819459438324, 0.8093306422233582, 0.8580121994018555, 0.8580121994018555, 0.8316429853439331, 0.7221095561981201, 0.8154157996177673, 0.8498985767364502, 0.8722109794616699, 0.7626774907112122], "val_loss": [7.692416191101074, 2.475487232208252, 2.3872628211975098, 4.434596538543701, 13.599467277526855, 5.420253276824951, 3.521388530731201, 3.3067197799682617, 1.3225451707839966, 1.1429613828659058, 3.6187708377838135, 1.8217743635177612, 0.7780120372772217, 0.8047947883605957, 2.624023675918579, 1.8393117189407349, 0.981235146522522, 1.5142141580581665, 0.5071848630905151, 1.5424007177352905, 0.6183323860168457, 1.2626879215240479, 0.6377235054969788, 0.9015751481056213, 1.1631789207458496, 1.1865907907485962, 3.3244874477386475, 1.0433611869812012, 1.9879237413406372, 1.0356439352035522, 0.9905418753623962, 0.7159975171089172, 0.4483298361301422, 0.5411181449890137, 0.5652178525924683, 0.9394882917404175, 0.5722135901451111, 0.5236635804176331, 0.4537796676158905, 1.0547921657562256]}