{"accuracy": [0.1755593866109848, 0.26290878653526306, 0.31497418880462646, 0.37822720408439636, 0.4049053490161896, 0.44449225068092346, 0.4784853756427765, 0.5249569416046143, 0.5404475331306458, 0.5529260039329529, 0.5671256184577942, 0.5748708844184875, 0.6024096608161926, 0.6140275597572327, 0.6135972738265991, 0.6234939694404602, 0.6376936435699463, 0.6364027261734009, 0.6604991555213928, 0.6561962366104126, 0.662220299243927, 0.664802074432373, 0.6768502593040466, 0.6764199733734131, 0.7013769149780273, 0.6975042819976807, 0.7000860571861267, 0.7168674468994141, 0.7061101794242859, 0.6992254853248596, 0.7284853458404541, 0.7194492220878601, 0.7284853458404541, 0.7254733443260193, 0.7306368350982666, 0.7418244481086731, 0.7495697140693665, 0.739242672920227, 0.75, 0.740963876247406], "loss": [2.2921974658966064, 1.8792873620986938, 1.7198066711425781, 1.5655514001846313, 1.5094667673110962, 1.4037997722625732, 1.316664218902588, 1.260495662689209, 1.2019540071487427, 1.1594133377075195, 1.1277512311935425, 1.0808470249176025, 1.0602058172225952, 1.0060315132141113, 0.9669915437698364, 1.000533103942871, 0.9376171231269836, 0.9515448212623596, 0.90104079246521, 0.897156834602356, 0.8907234072685242, 0.8794673085212708, 0.8440698385238647, 0.863014280796051, 0.8023586273193359, 0.8070634603500366, 0.7971301078796387, 0.7441602945327759, 0.7723285555839539, 0.7773706316947937, 0.7341001033782959, 0.7272571325302124, 0.7135308384895325, 0.7249513268470764, 0.7236279249191284, 0.7071101069450378, 0.681641161441803, 0.7079963684082031, 0.6776552200317383, 0.6875548958778381], "val_accuracy": [0.23111110925674438, 0.33481481671333313, 0.3866666555404663, 0.44148147106170654, 0.49481481313705444, 0.49925926327705383, 0.5614814758300781, 0.5007407665252686, 0.5614814758300781, 0.6177777647972107, 0.6577777862548828, 0.648888885974884, 0.6651852130889893, 0.6562963128089905, 0.6725925803184509, 0.7081481218338013, 0.7081481218338013, 0.7540740966796875, 0.6814814805984497, 0.7407407164573669, 0.7348148226737976, 0.7274073958396912, 0.7288888692855835, 0.7540740966796875, 0.7555555701255798, 0.765925943851471, 0.7837036848068237, 0.7881481647491455, 0.7881481647491455, 0.765925943851471, 0.7940740585327148, 0.800000011920929, 0.7837036848068237, 0.8014814853668213, 0.7881481647491455, 0.7777777910232544, 0.8177777528762817, 0.7718518376350403, 0.8059259057044983, 0.8088889122009277], "val_loss": [2.0972275733947754, 1.797939419746399, 1.6014606952667236, 1.4885388612747192, 1.2893658876419067, 1.247093915939331, 1.1512444019317627, 1.3873188495635986, 1.1622248888015747, 1.0451868772506714, 0.9323580265045166, 0.9122191667556763, 0.9081856608390808, 0.8957332968711853, 0.9065024852752686, 0.8334789276123047, 0.81573885679245, 0.7185796499252319, 0.8919322490692139, 0.7575249671936035, 0.7583933472633362, 0.7360211610794067, 0.8001341223716736, 0.7139286994934082, 0.71693354845047, 0.6841592192649841, 0.6289670467376709, 0.6699753999710083, 0.6151492595672607, 0.6497690677642822, 0.6255149841308594, 0.5829178690910339, 0.5987497568130493, 0.5664080381393433, 0.6819226145744324, 0.6176775693893433, 0.5556849837303162, 0.6735498309135437, 0.5670369863510132, 0.5520879626274109]}