{"accuracy": [0.12846864759922028, 0.19218911230564117, 0.2543679475784302, 0.30061665177345276, 0.3278520107269287, 0.3463515043258667, 0.39825281500816345, 0.43884891271591187, 0.4609455168247223, 0.5025693774223328, 0.5241521000862122, 0.5596094727516174, 0.5601233243942261, 0.5811921954154968, 0.5935251712799072, 0.6017471551895142, 0.614594042301178, 0.6197327971458435, 0.6253854036331177, 0.6562178730964661, 0.6428571343421936, 0.6449126601219177, 0.645940363407135, 0.6526207327842712, 0.6721479892730713, 0.6788283586502075, 0.6844809651374817, 0.6885919570922852, 0.6875642538070679, 0.6865364909172058, 0.701438844203949, 0.7004110813140869, 0.7183967232704163, 0.7281603217124939, 0.7101747393608093, 0.7122302055358887, 0.7081192135810852, 0.7317574620246887, 0.7178828120231628, 0.7425488233566284], "loss": [2.3382134437561035, 2.1340601444244385, 2.0141422748565674, 1.895781397819519, 1.7635893821716309, 1.6569440364837646, 1.5779303312301636, 1.4723201990127563, 1.388391375541687, 1.3163846731185913, 1.2503196001052856, 1.1772812604904175, 1.1346967220306396, 1.099688172340393, 1.0769158601760864, 1.0302361249923706, 1.0090737342834473, 0.9642575979232788, 0.9757161736488342, 0.9470139145851135, 0.9377595782279968, 0.9395830631256104, 0.9017429947853088, 0.8916600942611694, 0.8694185018539429, 0.8468486666679382, 0.8411577343940735, 0.8375282287597656, 0.8076754212379456, 0.8375023603439331, 0.7982145547866821, 0.7919723391532898, 0.7565562725067139, 0.7334684133529663, 0.7743127346038818, 0.7428746819496155, 0.7823965549468994, 0.7320595979690552, 0.7699140906333923, 0.6996022462844849], "val_accuracy": [0.16632859408855438, 0.2231237292289734, 0.1967545598745346, 0.29411765933036804, 0.36916837096214294, 0.409736305475235, 0.3995943069458008, 0.5111562013626099, 0.496957391500473, 0.5253549814224243, 0.5841785073280334, 0.569979727268219, 0.563894510269165, 0.6125760674476624, 0.6227180361747742, 0.7018255591392517, 0.6146044731140137, 0.592292070388794, 0.6450304388999939, 0.6490872502326965, 0.6348884105682373, 0.6997971534729004, 0.6734279990196228, 0.6146044731140137, 0.6835699677467346, 0.663286030292511, 0.6937119960784912, 0.6653143763542175, 0.7200811505317688, 0.6916835904121399, 0.726166307926178, 0.7200811505317688, 0.7099391222000122, 0.7119675278663635, 0.7119675278663635, 0.6815415620803833, 0.7018255591392517, 0.7281947135925293, 0.6957403421401978, 0.7302231192588806], "val_loss": [2.2488367557525635, 2.055429697036743, 1.9839245080947876, 1.7501778602600098, 1.7078300714492798, 1.5536344051361084, 1.6150082349777222, 1.311499834060669, 1.3155310153961182, 1.349078893661499, 1.1376909017562866, 1.182379961013794, 1.186586856842041, 1.039375901222229, 1.031319260597229, 0.8957459330558777, 1.1109447479248047, 1.1600968837738037, 1.0013890266418457, 0.95755535364151, 0.9881716966629028, 0.8420296907424927, 0.905648946762085, 1.0972133874893188, 0.8878238797187805, 0.9232325553894043, 0.8210999369621277, 0.9313512444496155, 0.7649205327033997, 0.8725144863128662, 0.7997215986251831, 0.8330317139625549, 0.8576295971870422, 0.8001289963722229, 0.7592309713363647, 0.8462820053100586, 0.8661799430847168, 0.8436549305915833, 0.8466236591339111, 0.7720988988876343]}