{"accuracy": [0.11716341227293015, 0.13103802502155304, 0.17420350015163422, 0.22250771522521973, 0.27389517426490784, 0.27235355973243713, 0.34583762288093567, 0.37153133749961853, 0.39825281500816345, 0.4239465594291687, 0.44295990467071533, 0.46968141198158264, 0.5020555257797241, 0.5256937146186829, 0.5138745903968811, 0.5282630920410156, 0.5483042001724243, 0.5704008340835571, 0.5832476615905762, 0.5827338099479675], "loss": [2.414987325668335, 2.2467288970947266, 2.1748452186584473, 2.0753493309020996, 1.9280714988708496, 1.8002901077270508, 1.6216574907302856, 1.5668264627456665, 1.4999366998672485, 1.4184799194335938, 1.3824310302734375, 1.328505039215088, 1.2679555416107178, 1.234548807144165, 1.2329847812652588, 1.1928919553756714, 1.1261131763458252, 1.093711256980896, 1.0711642503738403, 1.066667079925537], "val_accuracy": [0.11764705926179886, 0.1399594247341156, 0.21703854203224182, 0.19472616910934448, 0.23935091495513916, 0.38539552688598633, 0.3995943069458008, 0.40567952394485474, 0.4279918968677521, 0.4929006099700928, 0.5314401388168335, 0.48884379863739014, 0.4929006099700928, 0.5253549814224243, 0.4868154227733612, 0.545638918876648, 0.6267748475074768, 0.616632878780365, 0.5943204760551453, 0.6267748475074768], "val_loss": [2.2610604763031006, 2.170151948928833, 2.0775859355926514, 2.06182599067688, 1.8811986446380615, 1.5611714124679565, 1.5387756824493408, 1.534264087677002, 1.427445888519287, 1.372122883796692, 1.2612758874893188, 1.3445253372192383, 1.3491528034210205, 1.271661400794983, 1.3819881677627563, 1.176367163658142, 1.028002142906189, 1.019849419593811, 1.0781217813491821, 1.0106145143508911]}